AgeGroup,Count,Percentage,TotalPublications
Child,9,3.4220532319391634,263
Adolescent,13,4.942965779467681,263
Aged,79,30.038022813688215,263
Adult,68,25.85551330798479,263
MiddleAged,77,29.277566539923956,263
Infant,4,1.520912547528517,263
YoungAdult,13,4.942965779467681,263
